SET FOREIGN_KEY_CHECKS = 0; 
truncate table `login`;
truncate table `vote_topic`;
truncate table `candidate_join_topic`;
truncate table `topic`;
truncate table `user`;
truncate table `role`;
SET FOREIGN_KEY_CHECKS = 1; 

INSERT INTO letvote.login (token, status, user_id, create_datetime) VALUES('eyJhbGciOiJIUzI1NiIsInR5cCI6IkpXVCJ9.eyJzdWIiOiIxMjM0NTY3ODkwIiwibmFtZSI6IkpvaG4gRG9lIiwiaWF0IjoxNTE2MjM5MDIyfQ.SflKxwRJSMeKKF2QT4fwpMeJf36POk6yJV_adQssw5c', 'login', '1', current_timestamp());
INSERT INTO letvote.`role` (`role`) VALUES('voter');
INSERT INTO letvote.`role` (`role`) VALUES('candidate');
INSERT INTO letvote.user (id, fname, lname, username, password, `role`, status, create_datetime) VALUES('025930461038-1', 'Akaporn', 'Katip', 'bom43531', '$2b$10$YfdcarD0zRuv69SzJMyjDuyrZj2ZMJ.bM3C5.9d987XKviSMxBfS.', 'voter', 'enable', current_timestamp());
INSERT INTO letvote.user (id, fname, lname, username, password, `role`, status, create_datetime) VALUES('025930461038-2', 'Tip', 'Tip', 'bom43532', '$2b$10$YfdcarD0zRuv69SzJMyjDuyrZj2ZMJ.bM3C5.9d987XKviSMxBfS.', 'candidate', 'enable', current_timestamp());
INSERT INTO letvote.user (id, fname, lname, username, password, `role`, status, create_datetime) VALUES('025930461038-3', 'Tip2', 'Tip2', 'bom43533', '$2b$10$YfdcarD0zRuv69SzJMyjDuyrZj2ZMJ.bM3C5.9d987XKviSMxBfS.', 'voter', 'enable', current_timestamp());
INSERT INTO letvote.user (id, fname, lname, username, password, `role`, status, create_datetime) VALUES('025930461038-4', 'Tip3', 'Tip3', 'bom43534', '$2b$10$YfdcarD0zRuv69SzJMyjDuyrZj2ZMJ.bM3C5.9d987XKviSMxBfS.', 'candidate', 'enable', current_timestamp());
INSERT INTO letvote.topic (name, start_vote_datetime, end_vote_datetime, status, create_datetime, user_id) VALUES('Election Activity Leader', '2019-09-22 11:01:50', '2019-10-22 11:01:50', 'Open', current_timestamp(), '025930461038-1');
INSERT INTO letvote.candidate_join_topic (topic_id, user_id) VALUES(1, '025930461038-2');
INSERT INTO letvote.candidate_join_topic (topic_id, user_id) VALUES(1, '025930461038-4');
INSERT INTO letvote.vote_topic (topic_id, user_id, candidate_id, create_datetime) VALUES(1, '025930461038-1', '025930461038-2', current_timestamp());
INSERT INTO letvote.vote_topic (topic_id, user_id, candidate_id, create_datetime) VALUES(1, '025930461038-3', '025930461038-4', current_timestamp());
